,0
0,station
1,acting
2,accept
3,blow
4,strange
5,saved
6,Ivy
7,or
8,ivy
9,conversation
10,plane
11,mama
12,yesterday
13,lied
14,quick
15,lately
16,stuck
17,lovely
18,security
19,report
20,Barbara
21,difference
22,rid
23,tv
24,or
25,TV
26,Adam
27,store
28,she
29,d
30,bag
31,Mike
32,bought
33,ball
34,single
35,Kevin
36,doubt
37,listening
38,major
39,walking
40,cops
41,blue
42,deep
43,dangerous
44,Buffy
45,park
46,or
47,Park
48,sleeping
49,Chloe
50,Rafe
51,shh
52,record
53,lord
54,Erica
55,moved
56,join
57,key
58,captain
59,card
60,crime
61,gentlemen
62,willing
63,window
64,return
65,walked
66,guilty
67,Brenda
68,likes
69,fighting
70,difficult
71,soul
72,joke
73,service
74,magic
75,favorite
76,uncle
77,promised
78,public
79,bother
80,island
81,Jim
82,seriously
83,cell
84,lead
85,knowing
86,broken
87,advice
88,somehow
89,paid
90,Blair
91,losing
92,push
93,helped
94,killing
95,usually
96,earlier
97,boss
98,Laura
99,beginning
100,liked
101,innocent
102,doc
103,rules
104,Elizabeth
105,Sabrina
106,summer
107,or
108,Summer
109,ex
110,cop
111,learned
112,thirty
113,risk
114,letting
115,Phillip
116,speaking
117,officer
118,ridiculous
119,support
120,afternoon
121,Eric
122,born
123,dreams
124,apologize
125,seat
126,nervous
127,across
128,song
129,Olivia
130,charge
131,patient
132,Cassie
133,boat
134,how
135,d
136,brain
137,hide
138,detective
139,Aaron
140,Kendall
141,general
142,Tom
143,planning
144,nine
145,huge
146,breakfast
147,horrible
148,age
149,awful
150,pleasure
151,driving
152,hanging
153,picked
154,system
155,sell
156,quit
157,apparently
158,dying
159,notice
160,Josh
161,congratulations
162,chief
163,faith
164,Simon
165,gay
166,ho
167,or
168,Ho
169,one
170,s
171,month
172,visit
173,Hal
174,could
175,ve
176,c
177,mon
178,aw
179,Edmund
180,Brady
181,letter
182,decide
183,American
184,double
185,Troy
186,sad
187,press
188,forward
189,fool
190,showed
191,smell
192,seemed
193,Mary
194,spell
195,Courtney
196,memory
197,Mark
198,or
199,mark
200,Alan
201,pictures
202,Paris
203,slow
204,Joe
205,or
206,joe
207,Tim
208,seconds
209,hungry
210,board
211,position
212,hearing
213,Roz
214,kitchen
215,ma
216,am
217,Bob
218,or
219,bob
220,force
221,fly
222,during
223,space
224,should
225,ve
226,realized
227,experience
228,kick
229,others
230,grab
231,mother
232,s
233,P
234,Sharon
235,discuss
236,third
237,cat
238,or
239,Cat
240,fifty
241,responsible
242,Jennifer
243,Philip
244,miles
245,or
246,Miles
247,fat
248,reading
249,idiot
250,yep
251,rock
252,rich
253,suddenly
254,agent
255,bunch
256,destroy
257,bucks
258,track
259,shoes
260,scene
261,peace
262,arms
263,demon
264,Diane
265,Bridget
266,Brad
267,low
268,Livvie
269,consider
270,papers
271,medical
272,incredible
273,witch
274,er
275,drunk
276,attorney
277,Charlie
278,tells
279,knock
280,Karen
281,ways
282,eh
283,belle
284,or
285,Belle
286,cash
287,or
288,Cash
289,gives
290,department
291,nose
292,Skye
293,turns
294,keeps
295,beer
296,jealous
297,drug
298,Molly
299,sooner
300,cares
301,plenty
302,extra
303,tea
304,won
305,attack
306,ground
307,whose
308,outta
309,Kyle
310,L
311,weekend
312,matters
313,wrote
314,type
315,father
316,s
317,Alex
318,gosh
319,opportunity
320,king
321,impossible
322,books
323,machine
324,waste
325,th
326,th
327,pretend
328,named
329,danger
330,wall
331,Liz
332,Ian
333,Henry
334,jump
335,eating
336,proof
337,complete
338,slept
339,career
340,arrest
341,star
342,Phyllis
343,Mac
344,breathe
345,perfectly
346,warm
347,pulled
348,Maria
349,twice
350,easier
351,killer
352,goin
353,dating
354,suit
355,romantic
356,drugs
357,comfortable
358,Isaac
359,powers
360,or
361,Powers
362,finds
363,checked
364,fit
365,divorce
366,begin
367,ourselves
368,closer
369,ruin
370,although
371,smile
372,laugh
373,fish
374,Abigail
375,treat
376,god
377,s
378,fear
379,Anna
380,what
381,d
382,Simone
383,Amber
384,guy
385,s
386,otherwise
387,excited
388,mail
389,hiding
390,cost
391,green
392,or
393,Green
394,stole
395,Pacey
396,noticed
397,Liza
398,fired
399,Daphne
400,Whitney
401,excellent
402,lived
403,bringing
404,pop
405,piper
406,or
407,Piper
408,bottom
409,note
410,sudden
411,church
412,bathroom
413,flight
414,Chad
415,or
416,chad
417,la
418,or
419,LA
420,honestly
421,sing
422,Katie
423,foot
424,games
425,glass
426,N
427,Mitch
428,remind
429,bank
430,Rory
431,charges
432,witness
433,finding
434,places
435,tree
436,dare
437,hardly
438,that
439,ll
440,U
441,interest
442,steal
443,princess
444,silly
445,contact
446,teach
447,shop
448,plus
449,colonel
450,fresh
451,trial
452,invited
453,roll
454,radio
455,art
456,reach
457,heh
458,dirty
459,choose
460,emergency
461,dropped
462,butt
463,credit
464,obvious
465,cry
466,locked
467,Larry
468,loving
469,positive
470,nuts
471,agreed
472,Prue
473,price
474,or
475,Price
476,goodbye
477,condition
478,guard
479,fuckin
480,grow
481,cake
482,mood
483,dad
484,s
485,Bianca
486,total
487,crap
488,crying
489,Paige
490,K
491,or
492,k
493,belong
494,lay
495,partner
496,trick
497,pressure
498,ohh
499,arm
500,dressed
501,cup
502,lies
503,bus
504,taste
505,neck
506,south
507,something
508,s
509,nurse
510,raise
511,land
512,cross
513,lots
514,mister
515,carry
516,group
517,whoever
518,Eddie
519,drinking
520,they
521,d
522,breaking
523,file
524,lock
525,computer
526,yo
527,Rebecca
528,wine
529,closed
530,writing
531,spot
532,paying
533,study
534,assume
535,asleep
536,man
537,s
538,turning
539,legal
540,justice
541,Viki
542,Chandler
543,bedroom
544,shower
545,Nikolas
546,camera
547,fill
548,reasons
549,forty
550,bigger
551,nope
552,keys
553,Starr
554,breath
555,doctors
556,pants
557,freak
558,level
559,French
560,movies
561,gee
562,Monica
563,action
564,area
565,folks
566,Steve
567,cream
568,ugh
569,continue
570,focus
571,wild
572,truly
573,Jill
574,or
575,jill
576,desk
577,convince
578,client
579,threw
580,Taylor
581,band
582,hurts
583,Charles
584,spending
585,Neil
586,field
587,or
588,Field
589,allow
590,grand
591,answers
592,shirt
593,chair
594,Christ
595,or
596,christ
597,allowed
598,rough
599,doin
600,sees
601,government
602,Harry
603,ought
604,empty
605,round
606,lights
607,insane
608,hall
609,or
610,Hall
611,hat
612,bastard
613,wind
614,shows
615,aware
616,dealing
617,pack
618,meaning
619,flowers
620,tight
621,hurting
622,ship
623,subject
624,guest
625,mom
626,s
627,chicken
628,pal
629,match
630,Elaine
631,arrested
632,sun
633,Rachel
634,Salem
635,confused
636,surgery
637,expecting
638,deacon
639,Colleen
640,unfortunately
641,goddamn
642,lab
643,passed
644,bottle
645,beyond
646,whenever
647,pool
648,opinion
649,naked
650,held
651,common
652,starts
653,jerk
654,secrets
655,falling
656,played
657,necessary
658,barely
659,dancing
660,health
661,tests
662,copy
663,Keri
664,video
665,cousin
666,planned
667,Vanessa
668,dry
669,ahem
670,twelve
671,simply
672,Tess
673,Scott
674,skin
675,often
676,English
677,fifteen
678,spirit
679,speech
680,names
681,issue
682,orders
683,nah
684,final
685,Michelle
686,America
687,St
688,results
689,code
690,Ned
691,Bonnie
692,W
693,believed
694,complicated
695,umm
696,research
697,nowhere
698,escape
699,biggest
700,restaurant
701,page
702,or
703,Page
704,grateful
705,usual
706,burn
707,Chicago
708,Austin
709,address
710,within
711,someplace
712,screw
713,everywhere
714,train
715,film
716,regret
717,goodness
718,mistakes
719,heaven
720,or
721,Heaven
722,details
723,responsibility
724,suspect
725,corner
726,hero
727,dumb
728,terrific
729,Peter
730,mission
731,further
732,Amy
733,gas
734,whoo
735,hole
736,memories
737,o
738,clock
739,Brian
740,truck
741,following
742,ended
743,nobody
744,s
745,Margo
746,teeth
747,ruined
748,Hank
749,split
750,Reva
751,bear
752,airport
753,bite
754,smoke
755,Stenbeck
756,older
757,liar
758,horse
759,Gwen
760,showing
761,van
762,or
763,Van
764,project
765,cards
766,desperate
767,themselves
768,search
769,pathetic
770,damage
771,spoke
772,quickly
773,scare
774,Marah
775,G
776,beach
777,Mia
778,brown
779,or
780,Brown
781,afford
782,vote
783,settle
784,gold
785,re
786,or
787,re
788,mentioned
789,ed
790,or
791,ed
792,due
793,passion
794,Y
795,or
796,y
797,stayed
798,rule
799,Friday
800,checking
801,tie
802,hired
803,upon
804,rush
805,or
806,Rush
807,Tad
808,heads
809,concern
810,blew
811,natural
812,Alcazar
813,Kramer
814,champagne
815,connection
816,tickets
817,Kate
818,finger
819,happiness
820,form
821,saving
822,kissing
823,Martin
824,hated
825,personally
826,suggest
827,prepared
828,build
829,leg
830,onto
831,leaves
832,downstairs
833,ticket
834,it
835,d
836,taught
837,loose
838,holy
839,staff
840,sea
841,Asa
842,planet
843,duty
844,convinced
845,throwing
846,defense
847,Harvey
848,kissed
849,legs
850,Dave
851,according
852,loud
853,practice
854,Andy
855,Jess
856,Saturday
857,Colin
858,bright
859,or
860,Bright
861,Amanda
862,Fraser
863,F
864,babies
865,army
866,where
867,d
868,warning
869,miracle
870,carrying
871,flying
872,Caleb
873,blind
874,queen
875,ugly
876,shopping
877,hates
878,someone
879,s
880,Seth
881,monster
882,sight
883,vampire
884,Rosanna
885,bride
886,coat
887,account
888,states
889,clearly
890,celebrate
891,Nicole
892,brilliant
893,wanting
894,Allison
895,add
896,moon
897,Forrester
898,lips
899,custody
900,center
901,screwed
902,buying
903,size
904,toast
905,thoughts
906,Isabella
907,student
908,stories
909,however
910,professional
911,stars
912,reality
913,Jimmy
914,or
915,jimmy
916,birth
917,Lexie
918,attitude
919,advantage
920,grandfather
921,Sami
922,sold
923,opened
924,Lily
925,grandma
926,beg
927,Edward
928,changes
929,Diego
930,Cole
931,someday
932,grade
933,cheese
934,roof
935,Kenny
936,Bobby
937,or
938,bobby
939,pizza
940,brothers
941,X
942,or
943,x
944,signed
945,bird
946,ahh
947,marrying
948,powerful
949,grown
950,grandmother
951,fake
952,opening
953,Sally
954,Stephanie
955,expected
956,eventually
957,must
958,ve
959,ideas
960,exciting
961,covered
962,Parker
963,de
964,familiar
965,bomb
966,bout
967,television
968,harmony
969,or
970,Harmony
971,color
972,heavy
973,schedule
974,records
975,H
976,dollar
977,capable
978,master
979,numbers
980,Toby
981,practically
982,including
983,correct
984,clue
985,forgotten
986,immediately
987,appointment
988,social
989,nature
990,s
991,s
992,s
993,s
994,s
995,s
996,deserves
997,west
998,or
999,West
1000,Blake
1001,teacher
1002,threat
1003,Frankie
1004,bloody
1005,lonely
1006,Kelly
1007,ordered
1008,shame
1009,Brittany
1010,local
1011,jacket
1012,hook
1013,destroyed
1014,scary
1015,loser
1016,investigation
1017,above
1018,Jamal
1019,invite
1020,shooting
1021,merry
1022,port
1023,precious
1024,lesson
1025,Roy
1026,criminal
1027,growing
1028,caused
1029,victim
1030,professor
1031,followed
1032,funeral
1033,nothing
1034,s
1035,dean
1036,considering
1037,burning
1038,couch
1039,strength
1040,harder
1041,loss
1042,view
1043,Gia
1044,beauty
1045,sisters
1046,everybody
1047,s
1048,several
1049,pushed
1050,Nicholas
1051,written
1052,somebody
1053,s
1054,shock
1055,pushing
1056,heat
1057,chocolate
1058,greatest
1059,Holden
1060,miserable
1061,Corinthos
1062,nightmare
1063,energy
1064,brings
1065,Zander
1066,character
1067,became
1068,famous
1069,enemy
1070,crash
1071,chances
1072,sending
1073,recognize
1074,healthy
1075,boring
1076,feed
1077,engaged
1078,Sarah
1079,percent
1080,headed
1081,Brandon
1082,lines
1083,treated
1084,purpose
1085,north
1086,or
1087,North
1088,knife
1089,rights
1090,drag
1091,San
1092,fan
1093,badly
1094,speed
1095,Santa
1096,hire
1097,curious
1098,paint
1099,pardon
1100,Jackson
1101,built
1102,behavior
1103,closet
1104,candy
1105,or
1106,Candy
1107,Helena
1108,warn
1109,gorgeous
1110,post
